{
  "0": {
    "type": "Normal",
    "temp": 11.72,
    "sun": 17.46,
    "rainfall": 1.5154948567503512
  },
  "1": {
    "type": "Normal",
    "temp": 1.35,
    "sun": 3.91,
    "rainfall": 1.1908486689519175
  },
  "2": {
    "type": "Normal",
    "temp": 7.57,
    "sun": 4.03,
    "rainfall": 0.7662757430468479
  },
  "3": {
    "type": "Normal",
    "temp": 17.1,
    "sun": 7.71,
    "rainfall": 1.431343315670129
  },
  "4": {
    "type": "Normal",
    "temp": 3.29,
    "sun": 16.33,
    "rainfall": 0.8379763475478526
  },
  "5": {
    "type": "Normal",
    "temp": 5.63,
    "sun": 8.21,
    "rainfall": 1.8817891951004106
  },
  "6": {
    "type": "Normal",
    "temp": 7.54,
    "sun": 14.69,
    "rainfall": 1.492931722495041
  },
  "7": {
    "type": "Snow",
    "temp": 2.9,
    "sun": 0.68,
    "rainfall": 1.1548498737902768
  },
  "8": {
    "type": "Snow",
    "temp": 17.74,
    "sun": 17.98,
    "rainfall": 1.4050714210775668
  },
  "9": {
    "type": "Normal",
    "temp": 1.28,
    "sun": 5.82,
    "rainfall": 1.8810582721674336
  },
  "10": {
    "type": "Normal",
    "temp": -6.58,
    "sun": 7.33,
    "rainfall": 0.5694808986421742
  },
  "11": {
    "type": "Normal",
    "temp": 9.09,
    "sun": 8.18,
    "rainfall": 1.2657761907184308
  },
  "12": {
    "type": "Normal",
    "temp": 11.41,
    "sun": 10.59,
    "rainfall": 0.5769319779289384
  },
  "13": {
    "type": "Snow",
    "temp": -0.18,
    "sun": 6.66,
    "rainfall": 0.26287042385803305
  },
  "14": {
    "type": "Snow",
    "temp": 14.55,
    "sun": 15.56,
    "rainfall": 1.6105022865429415
  },
  "15": {
    "type": "Normal",
    "temp": 15.16,
    "sun": 14.37,
    "rainfall": 1.8239067380114724
  },
  "16": {
    "type": "Normal",
    "temp": 17.88,
    "sun": 2.25,
    "rainfall": 0.310979527619204
  },
  "17": {
    "type": "Normal",
    "temp": -2.58,
    "sun": 16.58,
    "rainfall": 1.1101463611608742
  },
  "18": {
    "type": "Normal",
    "temp": -0.92,
    "sun": 5.52,
    "rainfall": 1.8799759563702434
  },
  "19": {
    "type": "Snow",
    "temp": 10.05,
    "sun": 17.28,
    "rainfall": 1.597596263007533
  },
  "20": {
    "type": "Normal",
    "temp": 17.7,
    "sun": 6.91,
    "rainfall": 1.4796416406774051
  },
  "21": {
    "type": "Normal",
    "temp": 17.07,
    "sun": 14.87,
    "rainfall": 1.6180196403675404
  },
  "22": {
    "type": "Normal",
    "temp": 0.02,
    "sun": 13.42,
    "rainfall": 1.2008319564567445
  },
  "23": {
    "type": "Normal",
    "temp": 4.85,
    "sun": 13.45,
    "rainfall": 1.6373028580085682
  },
  "24": {
    "type": "Snow",
    "temp": 11.57,
    "sun": 8.89,
    "rainfall": 1.299385898759229
  },
  "25": {
    "type": "Snow",
    "temp": 6.6,
    "sun": 3.47,
    "rainfall": 0.1492889481718207
  },
  "26": {
    "type": "Normal",
    "temp": 4.57,
    "sun": 2.39,
    "rainfall": 1.797574369224219
  },
  "27": {
    "type": "Normal",
    "temp": 4.24,
    "sun": 5.38,
    "rainfall": 0.5159900969161015
  },
  "28": {
    "type": "Normal",
    "temp": 5.58,
    "sun": 12.27,
    "rainfall": 0.9690654718251219
  },
  "29": {
    "type": "Normal",
    "temp": 12.51,
    "sun": 8.68,
    "rainfall": 1.1048624691890911
  }
}