{
  "0": {
    "type": "Normal",
    "temp": 7.34,
    "sun": 22.24,
    "rainfall": 0.5253614154180426
  },
  "1": {
    "type": "Snow",
    "temp": 13.78,
    "sun": 19.45,
    "rainfall": 0.1925295222617287
  },
  "2": {
    "type": "Snow",
    "temp": 4.93,
    "sun": 0.81,
    "rainfall": 1.145486533785977
  },
  "3": {
    "type": "Normal",
    "temp": -6.45,
    "sun": 5.36,
    "rainfall": 0.8556809804622039
  },
  "4": {
    "type": "Normal",
    "temp": 8.32,
    "sun": 0.48,
    "rainfall": 1.238034798039561
  },
  "5": {
    "type": "Snow",
    "temp": -7.88,
    "sun": 19.87,
    "rainfall": 1.5292817321822176
  },
  "6": {
    "type": "Normal",
    "temp": 4.29,
    "sun": 4.71,
    "rainfall": 0.32128258875954074
  },
  "7": {
    "type": "Normal",
    "temp": 17.65,
    "sun": 11.1,
    "rainfall": 0.3424964031683626
  },
  "8": {
    "type": "Normal",
    "temp": 11.76,
    "sun": 14.03,
    "rainfall": 1.3740449928458118
  },
  "9": {
    "type": "Snow",
    "temp": 0.63,
    "sun": 19.83,
    "rainfall": 1.173113407955947
  },
  "10": {
    "type": "Normal",
    "temp": 8.79,
    "sun": 12.44,
    "rainfall": 1.240497286885056
  },
  "11": {
    "type": "Snow",
    "temp": -4.16,
    "sun": 11.6,
    "rainfall": 1.8810017574455833
  },
  "12": {
    "type": "Snow",
    "temp": 10.32,
    "sun": 7.46,
    "rainfall": 1.0897940853932357
  },
  "13": {
    "type": "Snow",
    "temp": -1.67,
    "sun": 9.96,
    "rainfall": 0.730221933510325
  },
  "14": {
    "type": "Snow",
    "temp": 10.45,
    "sun": 10.79,
    "rainfall": 0.6136751721361331
  },
  "15": {
    "type": "Normal",
    "temp": -5.24,
    "sun": 21.52,
    "rainfall": 0.22901546867491152
  },
  "16": {
    "type": "Normal",
    "temp": 13.09,
    "sun": 4.09,
    "rainfall": 0.9333678242604488
  },
  "17": {
    "type": "Normal",
    "temp": -4.89,
    "sun": 12.89,
    "rainfall": 1.7758236304935704
  },
  "18": {
    "type": "Normal",
    "temp": 13.3,
    "sun": 8.48,
    "rainfall": 1.2422290503347615
  },
  "19": {
    "type": "Snow",
    "temp": 5.0,
    "sun": 6.12,
    "rainfall": 1.1907366032788163
  },
  "20": {
    "type": "Snow",
    "temp": -7.3,
    "sun": 18.73,
    "rainfall": 1.615121802695985
  },
  "21": {
    "type": "Snow",
    "temp": -4.07,
    "sun": 14.48,
    "rainfall": 0.5236085539685378
  },
  "22": {
    "type": "Normal",
    "temp": -6.13,
    "sun": 3.4,
    "rainfall": 0.7427783376693298
  },
  "23": {
    "type": "Normal",
    "temp": -1.23,
    "sun": 6.08,
    "rainfall": 0.4639422075644406
  },
  "24": {
    "type": "Normal",
    "temp": 7.24,
    "sun": 19.47,
    "rainfall": 1.1131873125899512
  },
  "25": {
    "type": "Normal",
    "temp": 8.79,
    "sun": 11.08,
    "rainfall": 1.0119316482379057
  },
  "26": {
    "type": "Normal",
    "temp": 5.6,
    "sun": 18.08,
    "rainfall": 1.277343186285461
  },
  "27": {
    "type": "Normal",
    "temp": 4.36,
    "sun": 20.41,
    "rainfall": 0.8702462246620872
  },
  "28": {
    "type": "Snow",
    "temp": -5.09,
    "sun": 12.36,
    "rainfall": 0.0058069945027425796
  },
  "29": {
    "type": "Snow",
    "temp": 14.52,
    "sun": 6.49,
    "rainfall": 0.08140651927096032
  }
}