{
  "0": {
    "type": "Snow",
    "temp": 7.87,
    "sun": 12.22,
    "rainfall": 0.1564227457050894
  },
  "1": {
    "type": "Normal",
    "temp": 5.85,
    "sun": 9.83,
    "rainfall": 0.23660699769047905
  },
  "2": {
    "type": "Snow",
    "temp": 8.78,
    "sun": 7.37,
    "rainfall": 0.4212995332307804
  },
  "3": {
    "type": "Snow",
    "temp": 30.38,
    "sun": 7.44,
    "rainfall": 0.4774747302525497
  },
  "4": {
    "type": "Snow",
    "temp": 14.73,
    "sun": 3.31,
    "rainfall": 0.13672396162498002
  },
  "5": {
    "type": "Normal",
    "temp": 6.13,
    "sun": 3.8,
    "rainfall": 0.3045676809324566
  },
  "6": {
    "type": "Snow",
    "temp": 31.78,
    "sun": 11.9,
    "rainfall": 0.4368384027301091
  },
  "7": {
    "type": "Snow",
    "temp": 20.69,
    "sun": 13.89,
    "rainfall": 0.1430742278930892
  },
  "8": {
    "type": "Snow",
    "temp": 27.3,
    "sun": 15.98,
    "rainfall": 0.2405519932351774
  },
  "9": {
    "type": "Snow",
    "temp": 21.35,
    "sun": 11.62,
    "rainfall": 0.02937565935611408
  },
  "10": {
    "type": "Snow",
    "temp": 25.46,
    "sun": 13.73,
    "rainfall": 0.24851999316371282
  },
  "11": {
    "type": "Snow",
    "temp": 7.09,
    "sun": 17.96,
    "rainfall": 0.12023147498064102
  },
  "12": {
    "type": "Normal",
    "temp": 28.19,
    "sun": 3.25,
    "rainfall": 0.33325568014206286
  },
  "13": {
    "type": "Normal",
    "temp": 34.43,
    "sun": 0.64,
    "rainfall": 0.09815744980107483
  },
  "14": {
    "type": "Normal",
    "temp": 11.26,
    "sun": 10.79,
    "rainfall": 0.4944940525101957
  },
  "15": {
    "type": "Snow",
    "temp": 32.31,
    "sun": 3.11,
    "rainfall": 0.2282467462498473
  },
  "16": {
    "type": "Snow",
    "temp": 11.4,
    "sun": 9.26,
    "rainfall": 0.4636700186405874
  },
  "17": {
    "type": "Snow",
    "temp": 16.39,
    "sun": 8.46,
    "rainfall": 0.20563443235100337
  },
  "18": {
    "type": "Snow",
    "temp": 31.19,
    "sun": 6.8,
    "rainfall": 0.21706959121158348
  },
  "19": {
    "type": "Normal",
    "temp": 34.18,
    "sun": 4.83,
    "rainfall": 0.10168866889410744
  },
  "20": {
    "type": "Normal",
    "temp": 26.1,
    "sun": 12.65,
    "rainfall": 0.37036800750492915
  },
  "21": {
    "type": "Normal",
    "temp": 11.98,
    "sun": 9.35,
    "rainfall": 0.4446817571897742
  },
  "22": {
    "type": "Normal",
    "temp": 12.79,
    "sun": 12.85,
    "rainfall": 0.2937354592215175
  },
  "23": {
    "type": "Normal",
    "temp": 23.58,
    "sun": 0.64,
    "rainfall": 0.13952348311037788
  },
  "24": {
    "type": "Snow",
    "temp": 18.71,
    "sun": 14.2,
    "rainfall": 0.22159513330376834
  },
  "25": {
    "type": "Normal",
    "temp": 6.21,
    "sun": 17.65,
    "rainfall": 0.44819630303654473
  },
  "26": {
    "type": "Normal",
    "temp": 22.54,
    "sun": 5.0,
    "rainfall": 0.15038012838002918
  },
  "27": {
    "type": "Normal",
    "temp": 5.37,
    "sun": 12.96,
    "rainfall": 0.13304576159044273
  },
  "28": {
    "type": "Normal",
    "temp": 22.86,
    "sun": 10.63,
    "rainfall": 0.08975716534780576
  },
  "29": {
    "type": "Normal",
    "temp": 29.57,
    "sun": 1.71,
    "rainfall": 0.32600363636829804
  }
}